[{"inputs":[{"internalType":"string","name":"value","type":"string"}],"stateMutability":"nonpayable","type":"constructor"},{"anonymous":false,"inputs":[{"indexed":true,"internalType":"address","name":"author","type":"address"},{"indexed":false,"internalType":"string","name":"oldValue","type":"string"},{"indexed":false,"internalType":"string","name":"newValue","type":"string"}],"name":"ValueChanged","type":"event"},{"inputs":[],"name":"getValue","outputs":[{"internalType":"string","name":"","type":"string"}],"stateMutability":"view","type":"function"},{"inputs":[{"internalType":"string","name":"value","type":"string"}],"name":"setValue","outputs":[],"stateMutability":"nonpayable","type":"function"}]
